team	matrix_name	tf	auc	n	discipline
Bench Pressers	CAMTA1_CHS_CHS	CAMTA1	0.3361318245246817	14	Discipline.G2A
Bench Pressers	CAMTA1_CHS_GHTS	CAMTA1	0.23594233147804575	14	Discipline.G2A
Bench Pressers	CAMTA1_GHTS_CHS	CAMTA1	0.47111459968602826	14	Discipline.G2A
Bench Pressers	CAMTA1_GHTS_GHTS	CAMTA1	0.5898307050092765	14	Discipline.G2A
Bench Pressers	CREB3L3_C1	CREB3L3	0.4671428571428571	10	Discipline.A2G
Bench Pressers	CREB3L3_C2	CREB3L3	0.518888888888889	10	Discipline.A2G
Bench Pressers	CREB3L3_C3	CREB3L3	0.5937698412698412	10	Discipline.A2G
Bench Pressers	CREB3L3_C4	CREB3L3	0.5788095238095238	10	Discipline.A2G
Bench Pressers	FIZ1_C1	FIZ1	0.5777380952380953	10	Discipline.A2G
Bench Pressers	FIZ1_C2	FIZ1	0.3595833333333333	10	Discipline.A2G
Bench Pressers	FIZ1_C3	FIZ1	0.6058333333333333	10	Discipline.A2G
Bench Pressers	FIZ1_C4	FIZ1	0.6252777777777777	10	Discipline.A2G
Bench Pressers	GCM1_C1	GCM1	0.5029602563296115	928	Discipline.A2G
Bench Pressers	GCM1_C2	GCM1	0.46729181065764464	928	Discipline.A2G
Bench Pressers	GCM1_C3	GCM1	0.6292143043840499	928	Discipline.A2G
Bench Pressers	GCM1_C4	GCM1	0.6588196071936561	928	Discipline.A2G
Bench Pressers	MSANTD1_C1	MSANTD1	0.5989494543423416	118	Discipline.A2G
Bench Pressers	MSANTD1_C2	MSANTD1	0.6332377467912953	118	Discipline.A2G
Bench Pressers	MSANTD1_C3	MSANTD1	0.6316075256640762	118	Discipline.A2G
Bench Pressers	MYF6_CHS_CHS	MYF6	0.6363505008212543	672	Discipline.G2A
Bench Pressers	MYF6_CHS_GHTS	MYF6	0.6739208105587879	672	Discipline.G2A
Bench Pressers	MYF6_GHTS_CHS	MYF6	0.6082203701813127	672	Discipline.G2A
Bench Pressers	MYF6_GHTS_GHTS	MYF6	0.5954813258831084	672	Discipline.G2A
Bench Pressers	MYPOP_C1	MYPOP	0.6852816930741339	311	Discipline.A2G
Bench Pressers	MYPOP_C2	MYPOP	0.6340160259503941	311	Discipline.A2G
Bench Pressers	MYPOP_C3	MYPOP	0.6215846649268537	311	Discipline.A2G
Bench Pressers	MYPOP_C4	MYPOP	0.6467373415726979	311	Discipline.A2G
Bench Pressers	PRDM13_CHS_CHS	PRDM13	0.666326101885007	19	Discipline.G2A
Bench Pressers	PRDM13_CHS_GHTS	PRDM13	0.6536431707810232	19	Discipline.G2A
Bench Pressers	PRDM13_GHTS_CHS	PRDM13	0.7448236164465593	19	Discipline.G2A
Bench Pressers	PRDM13_GHTS_GHTS	PRDM13	0.5146712886447284	19	Discipline.G2A
Bench Pressers	SALL3_CHS_CHS	SALL3	0.48612313612313607	15	Discipline.G2A
Bench Pressers	SALL3_CHS_GHTS	SALL3	0.8322871572871572	15	Discipline.G2A
Bench Pressers	SALL3_GHTS_CHS	SALL3	0.6022577422577421	15	Discipline.G2A
Bench Pressers	SALL3_GHTS_GHTS	SALL3	0.7058730158730158	15	Discipline.G2A
Bench Pressers	SP140L_C1	SP140L	0.563754427390791	11	Discipline.A2G
Bench Pressers	SP140L_C2	SP140L	0.49858323494687123	11	Discipline.A2G
Bench Pressers	SP140L_C3	SP140L	0.37920110192837464	11	Discipline.A2G
Bench Pressers	SP140L_C4	SP140L	0.7293388429752067	11	Discipline.A2G
Bench Pressers	TPRX1_C1	TPRX1	0.6336029599005378	17	Discipline.A2G
Bench Pressers	TPRX1_C2	TPRX1	0.5367203442462958	17	Discipline.A2G
Bench Pressers	TPRX1_C3	TPRX1	0.7266411788903139	17	Discipline.A2G
Bench Pressers	TPRX1_C4	TPRX1	0.726330714652514	17	Discipline.A2G
Bench Pressers	USF3_CHS_CHS	USF3	0.6665010018292042	165	Discipline.G2A
Bench Pressers	USF3_CHS_GHTS	USF3	0.5984176611335922	165	Discipline.G2A
Bench Pressers	USF3_GHTS_CHS	USF3	0.5966309637582526	165	Discipline.G2A
Bench Pressers	USF3_GHTS_GHTS	USF3	0.6094635667892299	165	Discipline.G2A
Bench Pressers	ZBED2_CHS_CHS	ZBED2	0.6199042651248532	18	Discipline.G2A
Bench Pressers	ZBED2_CHS_GHTS	ZBED2	0.5842443458865029	18	Discipline.G2A
Bench Pressers	ZBED2_GHTS_CHS	ZBED2	0.4691043796435953	18	Discipline.G2A
Bench Pressers	ZBED5_CHS_CHS	ZBED5	0.6386767886217984	78	Discipline.G2A
Bench Pressers	ZBED5_CHS_GHTS	ZBED5	0.6812749718973626	78	Discipline.G2A
Bench Pressers	ZBED5_GHTS_CHS	ZBED5	0.649521379491507	78	Discipline.G2A
Bench Pressers	ZBED5_GHTS_GHTS	ZBED5	0.6021998968922326	78	Discipline.G2A
Bench Pressers	ZBTB47_C1	ZBTB47	0.5733097594192091	22	Discipline.A2G
Bench Pressers	ZBTB47_C2	ZBTB47	0.5082810565923428	22	Discipline.A2G
Bench Pressers	ZBTB47_C3	ZBTB47	0.41078921078921077	22	Discipline.A2G
Bench Pressers	ZBTB47_C4	ZBTB47	0.3992230363219668	22	Discipline.A2G
Bench Pressers	ZFTA_C1	ZFTA	0.589773702230258	33	Discipline.A2G
Bench Pressers	ZFTA_C2	ZFTA	0.5692030337922536	33	Discipline.A2G
Bench Pressers	ZFTA_C3	ZFTA	0.628780179768545	33	Discipline.A2G
Bench Pressers	ZFTA_C4	ZFTA	0.6991407843941753	33	Discipline.A2G
Bench Pressers	ZNF251_CHS_CHS	ZNF251	0.3695195829811215	13	Discipline.G2A
Bench Pressers	ZNF251_CHS_GHTS	ZNF251	0.3595989480604865	13	Discipline.G2A
Bench Pressers	ZNF251_GHTS_CHS	ZNF251	0.34584005737851886	13	Discipline.G2A
Bench Pressers	ZNF251_GHTS_GHTS	ZNF251	0.291637849330157	13	Discipline.G2A
Bench Pressers	ZNF367_CHS_CHS	ZNF367	0.5845203555419768	42	Discipline.G2A
Bench Pressers	ZNF367_CHS_GHTS	ZNF367	0.5708850764769183	42	Discipline.G2A
Bench Pressers	ZNF367_GHTS_CHS	ZNF367	0.6084314793778276	42	Discipline.G2A
Bench Pressers	ZNF367_GHTS_GHTS	ZNF367	0.6394809052390309	42	Discipline.G2A
Bench Pressers	ZNF395_CHS_CHS	ZNF395	0.4056818181818181	13	Discipline.G2A
Bench Pressers	ZNF395_CHS_GHTS	ZNF395	0.5234022387868542	13	Discipline.G2A
Bench Pressers	ZNF395_GHTS_CHS	ZNF395	0.4709012141704449	13	Discipline.G2A
Bench Pressers	ZNF395_GHTS_GHTS	ZNF395	0.6803411332257485	13	Discipline.G2A
Bench Pressers	ZNF493_CHS_CHS	ZNF493	0.4223529942279942	12	Discipline.G2A
Bench Pressers	ZNF493_CHS_GHTS	ZNF493	0.26325757575757575	12	Discipline.G2A
Bench Pressers	ZNF493_GHTS_CHS	ZNF493	0.5968253968253968	12	Discipline.G2A
Bench Pressers	ZNF493_GHTS_GHTS	ZNF493	0.5828282828282828	12	Discipline.G2A
Bench Pressers	ZNF518B_CHS_CHS	ZNF518B	0.7935270266910154	23	Discipline.G2A
Bench Pressers	ZNF518B_CHS_GHTS	ZNF518B	0.46224706178661595	23	Discipline.G2A
Bench Pressers	ZNF518B_GHTS_CHS	ZNF518B	0.5816095803916009	23	Discipline.G2A
Bench Pressers	ZNF518B_GHTS_GHTS	ZNF518B	0.577648232934874	23	Discipline.G2A
Bench Pressers	ZNF648_CHS_CHS	ZNF648	0.7664948564140076	24	Discipline.G2A
Bench Pressers	ZNF648_CHS_GHTS	ZNF648	0.6035879464573182	24	Discipline.G2A
Bench Pressers	ZNF648_GHTS_CHS	ZNF648	0.6238436906343084	24	Discipline.G2A
Bench Pressers	ZNF648_GHTS_GHTS	ZNF648	0.45724467570295574	24	Discipline.G2A
Bench Pressers	ZNF721_C1	ZNF721	0.5667709336160379	190	Discipline.A2G
Bench Pressers	ZNF721_C2	ZNF721	0.5811888471745094	190	Discipline.A2G
Bench Pressers	ZNF721_C3	ZNF721	0.532066057704974	190	Discipline.A2G
Bench Pressers	ZNF780B_C1	ZNF780B	0.7372471185984167	28	Discipline.A2G
Bench Pressers	ZNF780B_C2	ZNF780B	0.6322693935206916	28	Discipline.A2G
Bench Pressers	ZNF780B_C3	ZNF780B	0.6268579393008513	28	Discipline.A2G
Bench Pressers	ZNF831_C1	ZNF831	0.6578828066928558	69	Discipline.A2G
Bench Pressers	ZNF831_C2	ZNF831	0.6831188508279287	69	Discipline.A2G
Bench Pressers	ZNF831_C3	ZNF831	0.6085950733983235	69	Discipline.A2G
Bench Pressers	ZNF831_C4	ZNF831	0.5926833753972023	69	Discipline.A2G
Biology Impostor	1_my_algo	SP140L	0.5420569329660239	11	Discipline.A2G
Biology Impostor	1_my_algo1	TPRX1	0.5038252645086555	17	Discipline.A2G
Biology Impostor	1_my_algo2	ZFTA	0.783168652011429	33	Discipline.A2G
Biology Impostor	1_my_algo3	GCM1	0.6621020388358233	928	Discipline.A2G
Biology Impostor	1_my_algo4	MSANTD1	0.7520476747066679	118	Discipline.A2G
Biology Impostor	1_my_algo6	CREB3L3	0.5269047619047619	10	Discipline.A2G
Biology Impostor	1_my_algo7	ZNF780B	0.5387395029969017	28	Discipline.A2G
Biology Impostor	1_my_algo8	FIZ1	0.31107142857142855	10	Discipline.A2G
Biology Impostor	1_my_algo9	ZNF831	0.5428040289568773	69	Discipline.A2G
Biology Impostor	1_my_algo_chs	CAMTA1	0.7248822605965463	14	Discipline.G2A
Biology Impostor	1_my_algo_chs1	ZBED5	0.38905837529831633	78	Discipline.G2A
Biology Impostor	1_my_algo_chs11	ZNF367	0.38855412566750896	42	Discipline.G2A
Biology Impostor	1_my_algo_chs13	ZBED2	0.5958441522167014	18	Discipline.G2A
Biology Impostor	1_my_algo_chs14	ZNF251	0.479043392504931	13	Discipline.G2A
Biology Impostor	1_my_algo_chs2	USF3	0.6146790178875586	165	Discipline.G2A
Biology Impostor	1_my_algo_chs3	ZNF518B	0.5606902749900666	23	Discipline.G2A
Biology Impostor	1_my_algo_chs4	ZNF395	0.32228348574502425	13	Discipline.G2A
Biology Impostor	1_my_algo_chs5	MYF6	0.5331109653601873	672	Discipline.G2A
Biology Impostor	1_my_algo_chs6	ZNF648	0.6277697266184108	24	Discipline.G2A
Biology Impostor	1_my_algo_chs7	ZNF493	0.2445286195286195	12	Discipline.G2A
Biology Impostor	1_my_algo_chs8	PRDM13	0.35464997964997963	19	Discipline.G2A
Biology Impostor	1_my_algo_chs9	SALL3	0.6970490620490621	15	Discipline.G2A
Biology Impostor	1_my_algo_ghts	CAMTA1	0.5121009942438514	14	Discipline.G2A
Biology Impostor	1_my_algo_ghts1	ZBED5	0.5865163252682759	78	Discipline.G2A
Biology Impostor	1_my_algo_ghts11	ZNF367	0.6976658069170851	42	Discipline.G2A
Biology Impostor	1_my_algo_ghts13	ZBED2	0.4213157485216309	18	Discipline.G2A
Biology Impostor	1_my_algo_ghts14	ZNF251	0.39395860549706707	13	Discipline.G2A
Biology Impostor	1_my_algo_ghts2	USF3	0.5675806084691635	165	Discipline.G2A
Biology Impostor	1_my_algo_ghts3	ZNF518B	0.43226133245036835	23	Discipline.G2A
Biology Impostor	1_my_algo_ghts4	ZNF395	0.357449281487743	13	Discipline.G2A
Biology Impostor	1_my_algo_ghts5	MYF6	0.5463538630000286	672	Discipline.G2A
Biology Impostor	1_my_algo_ghts6	ZNF648	0.23077233466312577	24	Discipline.G2A
Biology Impostor	1_my_algo_ghts7	ZNF493	0.3687680375180375	12	Discipline.G2A
Biology Impostor	1_my_algo_ghts8	PRDM13	0.4570736896221661	19	Discipline.G2A
Biology Impostor	1_my_algo_ghts9	SALL3	0.45301587301587304	15	Discipline.G2A
Biology Impostor	2_my_algo	SP140L	0.424793388429752	11	Discipline.A2G
Biology Impostor	2_my_algo1	TPRX1	0.8415960961376187	17	Discipline.A2G
Biology Impostor	2_my_algo2	ZFTA	0.8127523605721506	33	Discipline.A2G
Biology Impostor	2_my_algo3	GCM1	0.6395249696395453	928	Discipline.A2G
Biology Impostor	2_my_algo4	MSANTD1	0.6979241214593187	118	Discipline.A2G
Biology Impostor	2_my_algo6	CREB3L3	0.35446428571428573	10	Discipline.A2G
Biology Impostor	2_my_algo7	ZNF780B	0.573777209991557	28	Discipline.A2G
Biology Impostor	2_my_algo8	FIZ1	0.37035714285714283	10	Discipline.A2G
Biology Impostor	2_my_algo9	ZNF831	0.6063587467215477	69	Discipline.A2G
Biology Impostor	2_my_algo_chs	CAMTA1	0.6715561224489797	14	Discipline.G2A
Biology Impostor	2_my_algo_chs1	ZBED5	0.45229784215108226	78	Discipline.G2A
Biology Impostor	2_my_algo_chs11	ZNF367	0.5516413057802619	42	Discipline.G2A
Biology Impostor	2_my_algo_chs13	ZBED2	0.46081098685265354	18	Discipline.G2A
Biology Impostor	2_my_algo_chs14	ZNF251	0.41306898229975153	13	Discipline.G2A
Biology Impostor	2_my_algo_chs2	USF3	0.5772006418910355	165	Discipline.G2A
Biology Impostor	2_my_algo_chs3	ZNF518B	0.5048835033949919	23	Discipline.G2A
Biology Impostor	2_my_algo_chs4	ZNF395	0.39142267988421836	13	Discipline.G2A
Biology Impostor	2_my_algo_chs5	MYF6	0.6056830991730108	672	Discipline.G2A
Biology Impostor	2_my_algo_chs6	ZNF648	0.6143859612609613	24	Discipline.G2A
Biology Impostor	2_my_algo_chs7	ZNF493	0.39818722943722934	12	Discipline.G2A
Biology Impostor	2_my_algo_chs8	PRDM13	0.26538924996029445	19	Discipline.G2A
Biology Impostor	2_my_algo_chs9	SALL3	0.6866405816405815	15	Discipline.G2A
Biology Impostor	2_my_algo_ghts	CAMTA1	0.5809335963182117	14	Discipline.G2A
Biology Impostor	2_my_algo_ghts1	ZBED5	0.49570574047573135	78	Discipline.G2A
Biology Impostor	2_my_algo_ghts11	ZNF367	0.6689140712106146	42	Discipline.G2A
Biology Impostor	2_my_algo_ghts13	ZBED2	0.6145708072791406	18	Discipline.G2A
Biology Impostor	2_my_algo_ghts14	ZNF251	0.3673377904147135	13	Discipline.G2A
Biology Impostor	2_my_algo_ghts2	USF3	0.5580921660523973	165	Discipline.G2A
Biology Impostor	2_my_algo_ghts3	ZNF518B	0.4620687162168987	23	Discipline.G2A
Biology Impostor	2_my_algo_ghts4	ZNF395	0.5798323471400395	13	Discipline.G2A
Biology Impostor	2_my_algo_ghts5	MYF6	0.5771544495195572	672	Discipline.G2A
Biology Impostor	2_my_algo_ghts6	ZNF648	0.3454595853492912	24	Discipline.G2A
Biology Impostor	2_my_algo_ghts7	ZNF493	0.6960648148148149	12	Discipline.G2A
Biology Impostor	2_my_algo_ghts8	PRDM13	0.5144377624620414	19	Discipline.G2A
Biology Impostor	2_my_algo_ghts9	SALL3	0.632070152070152	15	Discipline.G2A
Biology Impostor	3_my_algo0	CREB3L3	0.8949999999999999	10	Discipline.A2G
Biology Impostor	3_my_algo1	ZNF780B	0.6266925326135853	28	Discipline.A2G
Biology Impostor	3_my_algo2	FIZ1	0.6028659611992945	10	Discipline.A2G
Biology Impostor	3_my_algo3	ZNF831	0.5960254312178298	69	Discipline.A2G
Biology Impostor	ibis1	MYPOP	0.6503165502222973	311	Discipline.A2G
Biology Impostor	ibis10	ZNF780B	0.5401200687798335	28	Discipline.A2G
Biology Impostor	ibis11	FIZ1	0.505	10	Discipline.A2G
Biology Impostor	ibis12	ZNF831	0.6573338651974843	69	Discipline.A2G
Biology Impostor	ibis13	ZNF721	0.589108545506659	190	Discipline.A2G
Biology Impostor	ibis15	ZBTB47	0.5458303482332472	22	Discipline.A2G
Biology Impostor	ibis2	SP140L	0.4147317329135511	11	Discipline.A2G
Biology Impostor	ibis3	TPRX1	0.49312744637139105	17	Discipline.A2G
Biology Impostor	ibis4	ZFTA	0.8718195120827763	33	Discipline.A2G
Biology Impostor	ibis5	GCM1	0.668454302268721	928	Discipline.A2G
Biology Impostor	ibis6	MSANTD1	0.7948861363423647	118	Discipline.A2G
Biology Impostor	ibis8	CREB3L3	0.5044444444444445	10	Discipline.A2G
Biology Impostor	rap1	MYPOP	0.6204476238095286	311	Discipline.A2G
Biology Impostor	rap2	SP140L	0.6732979142070051	11	Discipline.A2G
Biology Impostor	rap3	TPRX1	0.7843008553946054	17	Discipline.A2G
Biology Impostor	rap4	ZFTA	0.549661323360166	33	Discipline.A2G
Biology Impostor	rap5	GCM1	0.7488990485244219	928	Discipline.A2G
Biology Impostor	rap6	MSANTD1	0.7419153051768722	118	Discipline.A2G
ChatGPTusers	CAMTA1_motif1	CAMTA1	0.6196115392543964	14	Discipline.G2A
ChatGPTusers	CAMTA1_motif2	CAMTA1	0.11309712113283542	14	Discipline.G2A
ChatGPTusers	CAMTA1_motif3	CAMTA1	0.3127658056229485	14	Discipline.G2A
ChatGPTusers	CAMTA1_motif4	CAMTA1	0.5428134899288746	14	Discipline.G2A
ChatGPTusers	CREB3L3_motif1	CREB3L3	0.43734126984126986	10	Discipline.A2G
ChatGPTusers	CREB3L3_motif2	CREB3L3	0.4094135802469136	10	Discipline.A2G
ChatGPTusers	CREB3L3_motif3	CREB3L3	0.6162698412698413	10	Discipline.A2G
ChatGPTusers	CREB3L3_motif4	CREB3L3	0.5532627865961199	10	Discipline.A2G
ChatGPTusers	FIZ1_motif1	FIZ1	0.7114285714285715	10	Discipline.A2G
ChatGPTusers	FIZ1_motif2	FIZ1	0.7975	10	Discipline.A2G
ChatGPTusers	FIZ1_motif3	FIZ1	0.6762698412698412	10	Discipline.A2G
ChatGPTusers	FIZ1_motif4	FIZ1	0.6998236331569666	10	Discipline.A2G
ChatGPTusers	GCM1_motif1	GCM1	0.7607042742995129	928	Discipline.A2G
ChatGPTusers	GCM1_motif2	GCM1	0.4515142907004445	928	Discipline.A2G
ChatGPTusers	GCM1_motif3	GCM1	0.7658336060180472	928	Discipline.A2G
ChatGPTusers	GCM1_motif4	GCM1	0.773661872373548	928	Discipline.A2G
ChatGPTusers	MSANTD1_motif1	MSANTD1	0.7080199241521219	118	Discipline.A2G
ChatGPTusers	MSANTD1_motif2	MSANTD1	0.6775857350024376	118	Discipline.A2G
ChatGPTusers	MSANTD1_motif3	MSANTD1	0.6392552848847449	118	Discipline.A2G
ChatGPTusers	MSANTD1_motif4	MSANTD1	0.6723906216973828	118	Discipline.A2G
ChatGPTusers	MYF6_motif1	MYF6	0.6344093618886214	672	Discipline.G2A
ChatGPTusers	MYF6_motif2	MYF6	0.6100062159179429	672	Discipline.G2A
ChatGPTusers	MYF6_motif3	MYF6	0.6378395665407695	672	Discipline.G2A
ChatGPTusers	MYF6_motif4	MYF6	0.5908068545357743	672	Discipline.G2A
ChatGPTusers	MYPOP_motif1	MYPOP	0.6015677732669047	311	Discipline.A2G
ChatGPTusers	MYPOP_motif2	MYPOP	0.6074258227739416	311	Discipline.A2G
ChatGPTusers	MYPOP_motif3	MYPOP	0.5709847135585756	311	Discipline.A2G
ChatGPTusers	MYPOP_motif4	MYPOP	0.5670699571395054	311	Discipline.A2G
ChatGPTusers	PRDM13_motif1	PRDM13	0.5640413756757248	19	Discipline.G2A
ChatGPTusers	PRDM13_motif2	PRDM13	0.43384102318842427	19	Discipline.G2A
ChatGPTusers	PRDM13_motif3	PRDM13	0.589192553752803	19	Discipline.G2A
ChatGPTusers	PRDM13_motif4	PRDM13	0.3807099016892075	19	Discipline.G2A
ChatGPTusers	SALL3_motif1	SALL3	0.3321292596292596	15	Discipline.G2A
ChatGPTusers	SALL3_motif2	SALL3	0.25594239094239096	15	Discipline.G2A
ChatGPTusers	SALL3_motif3	SALL3	0.6656654456654457	15	Discipline.G2A
ChatGPTusers	SALL3_motif4	SALL3	0.3624508824508824	15	Discipline.G2A
ChatGPTusers	SP140L_motif1	SP140L	0.4184376229830775	11	Discipline.A2G
ChatGPTusers	SP140L_motif2	SP140L	0.4032861078315623	11	Discipline.A2G
ChatGPTusers	SP140L_motif3	SP140L	0.47930440771349864	11	Discipline.A2G
ChatGPTusers	SP140L_motif4	SP140L	0.4544470680834316	11	Discipline.A2G
ChatGPTusers	TPRX1_motif1	TPRX1	0.6020317197220311	17	Discipline.A2G
ChatGPTusers	TPRX1_motif2	TPRX1	0.5386375326903009	17	Discipline.A2G
ChatGPTusers	TPRX1_motif3	TPRX1	0.4669419728675784	17	Discipline.A2G
ChatGPTusers	TPRX1_motif4	TPRX1	0.6116610609690194	17	Discipline.A2G
ChatGPTusers	USF3_motif1	USF3	0.4845038627333107	165	Discipline.G2A
ChatGPTusers	USF3_motif2	USF3	0.46203117707460367	165	Discipline.G2A
ChatGPTusers	USF3_motif3	USF3	0.6003490577563318	165	Discipline.G2A
ChatGPTusers	USF3_motif4	USF3	0.48675264271004376	165	Discipline.G2A
ChatGPTusers	ZBED2_motif1	ZBED2	0.5346031510247197	18	Discipline.G2A
ChatGPTusers	ZBED2_motif2	ZBED2	0.5740879650914252	18	Discipline.G2A
ChatGPTusers	ZBED2_motif3	ZBED2	0.3482722184315322	18	Discipline.G2A
ChatGPTusers	ZBED2_motif4	ZBED2	0.5120014245014245	18	Discipline.G2A
ChatGPTusers	ZBED5_motif1	ZBED5	0.7172627265540059	78	Discipline.G2A
ChatGPTusers	ZBED5_motif2	ZBED5	0.7025088133529506	78	Discipline.G2A
ChatGPTusers	ZBED5_motif3	ZBED5	0.7043743354841796	78	Discipline.G2A
ChatGPTusers	ZBED5_motif4	ZBED5	0.3696145179610089	78	Discipline.G2A
ChatGPTusers	ZBTB47_motif1	ZBTB47	0.5975944510035419	22	Discipline.A2G
ChatGPTusers	ZBTB47_motif2	ZBTB47	0.4279787836940244	22	Discipline.A2G
ChatGPTusers	ZBTB47_motif3	ZBTB47	0.5797761449077239	22	Discipline.A2G
ChatGPTusers	ZBTB47_motif4	ZBTB47	0.5717996649814832	22	Discipline.A2G
ChatGPTusers	ZFTA_motif1	ZFTA	0.6411089981666717	33	Discipline.A2G
ChatGPTusers	ZFTA_motif2	ZFTA	0.5227863347612565	33	Discipline.A2G
ChatGPTusers	ZFTA_motif3	ZFTA	0.5347354370427118	33	Discipline.A2G
ChatGPTusers	ZFTA_motif4	ZFTA	0.5509536382383244	33	Discipline.A2G
ChatGPTusers	ZNF251_motif1	ZNF251	0.47420634920634913	13	Discipline.G2A
ChatGPTusers	ZNF251_motif2	ZNF251	0.34812623274161736	13	Discipline.G2A
ChatGPTusers	ZNF251_motif3	ZNF251	0.4865220249835635	13	Discipline.G2A
ChatGPTusers	ZNF251_motif4	ZNF251	0.31880043033889194	13	Discipline.G2A
ChatGPTusers	ZNF367_motif1	ZNF367	0.5728638287635639	42	Discipline.G2A
ChatGPTusers	ZNF367_motif2	ZNF367	0.4922808301154763	42	Discipline.G2A
ChatGPTusers	ZNF367_motif3	ZNF367	0.6668826603634567	42	Discipline.G2A
ChatGPTusers	ZNF367_motif4	ZNF367	0.5693606056729532	42	Discipline.G2A
ChatGPTusers	ZNF395_motif1	ZNF395	0.4878743051819975	13	Discipline.G2A
ChatGPTusers	ZNF395_motif2	ZNF395	0.5389616793462947	13	Discipline.G2A
ChatGPTusers	ZNF395_motif3	ZNF395	0.4451138604984759	13	Discipline.G2A
ChatGPTusers	ZNF395_motif4	ZNF395	0.6072933476779631	13	Discipline.G2A
ChatGPTusers	ZNF493_motif1	ZNF493	0.7001172438672438	12	Discipline.G2A
ChatGPTusers	ZNF493_motif2	ZNF493	0.7442279942279942	12	Discipline.G2A
ChatGPTusers	ZNF493_motif3	ZNF493	0.6886904761904762	12	Discipline.G2A
ChatGPTusers	ZNF493_motif4	ZNF493	0.4569444444444444	12	Discipline.G2A
ChatGPTusers	ZNF518B_motif1	ZNF518B	0.7384107779429141	23	Discipline.G2A
ChatGPTusers	ZNF518B_motif2	ZNF518B	0.6033253136277711	23	Discipline.G2A
ChatGPTusers	ZNF518B_motif3	ZNF518B	0.5735074851387539	23	Discipline.G2A
ChatGPTusers	ZNF518B_motif4	ZNF518B	0.5851181306924663	23	Discipline.G2A
ChatGPTusers	ZNF648_motif1	ZNF648	0.5411578187893977	24	Discipline.G2A
ChatGPTusers	ZNF648_motif2	ZNF648	0.3883147319728202	24	Discipline.G2A
ChatGPTusers	ZNF648_motif3	ZNF648	0.5267966755513448	24	Discipline.G2A
ChatGPTusers	ZNF648_motif4	ZNF648	0.29151474334043226	24	Discipline.G2A
ChatGPTusers	ZNF721_motif1	ZNF721	0.5826232350733485	190	Discipline.A2G
ChatGPTusers	ZNF721_motif2	ZNF721	0.6065254373940445	190	Discipline.A2G
ChatGPTusers	ZNF721_motif3	ZNF721	0.5928983339144266	190	Discipline.A2G
ChatGPTusers	ZNF780B_motif1	ZNF780B	0.5875178613342037	28	Discipline.A2G
ChatGPTusers	ZNF780B_motif2	ZNF780B	0.5537434011812894	28	Discipline.A2G
ChatGPTusers	ZNF780B_motif3	ZNF780B	0.5525184352170295	28	Discipline.A2G
ChatGPTusers	ZNF780B_motif4	ZNF780B	0.6260129296473834	28	Discipline.A2G
ChatGPTusers	ZNF831_motif1	ZNF831	0.6214354772416724	69	Discipline.A2G
ChatGPTusers	ZNF831_motif2	ZNF831	0.601325026223172	69	Discipline.A2G
ChatGPTusers	ZNF831_motif3	ZNF831	0.6477627843490511	69	Discipline.A2G
ChatGPTusers	ZNF831_motif4	ZNF831	0.6036587206227579	69	Discipline.A2G
Post Bioinformatic Disorder	TF_CAMTA1_3	CAMTA1	0.5935683364254791	14	Discipline.G2A
Post Bioinformatic Disorder	TF_MYF6_3	MYF6	0.5880572832392256	672	Discipline.G2A
Post Bioinformatic Disorder	TF_PRDM13_3	PRDM13	0.5347922452594931	19	Discipline.G2A
Post Bioinformatic Disorder	TF_SALL3_3	SALL3	0.6638827838827839	15	Discipline.G2A
Post Bioinformatic Disorder	TF_USF3_3	USF3	0.5831343947472176	165	Discipline.G2A
Post Bioinformatic Disorder	TF_ZBED2_3	ZBED2	0.5962849506318364	18	Discipline.G2A
Post Bioinformatic Disorder	TF_ZBED5_3	ZBED5	0.6197890739582503	78	Discipline.G2A
Post Bioinformatic Disorder	TF_ZNF251_3	ZNF251	0.4148930129699359	13	Discipline.G2A
Post Bioinformatic Disorder	TF_ZNF367_3	ZNF367	0.6545955125910963	42	Discipline.G2A
Post Bioinformatic Disorder	TF_ZNF395_3	ZNF395	0.6507082660928815	13	Discipline.G2A
Post Bioinformatic Disorder	TF_ZNF493_3	ZNF493	0.28383838383838383	12	Discipline.G2A
Post Bioinformatic Disorder	TF_ZNF518B_3	ZNF518B	0.725169882052428	23	Discipline.G2A
Post Bioinformatic Disorder	TF_ZNF648_3	ZNF648	0.541842406788059	24	Discipline.G2A
RSAT	CAMTA1_C_c2_n4_4m	CAMTA1	0.7241805813234384	14	Discipline.G2A
RSAT	CAMTA1_C_c2_n5_5m_G20_M4_C3	CAMTA1	0.5916077969649398	14	Discipline.G2A
RSAT	CAMTA1_G_c5	CAMTA1	0.39046449582163867	14	Discipline.G2A
RSAT	CAMTA1_G_c5_G20_M5_C3	CAMTA1	0.13478664192949905	14	Discipline.G2A
RSAT	CREB3L3_H_c3	CREB3L3	0.34259259259259256	10	Discipline.A2G
RSAT	CREB3L3_H_c3_G20_M4_C1	CREB3L3	0.5369444444444446	10	Discipline.A2G
RSAT	FIZ1_H_c1	FIZ1	0.41019841269841273	10	Discipline.A2G
RSAT	FIZ1_H_c1_G20_M2_C1	FIZ1	0.32285714285714284	10	Discipline.A2G
RSAT	GCM1_H_c2_n2_2m	GCM1	0.6668086238505682	928	Discipline.A2G
RSAT	GCM1_H_c2_n2_2m_G20_M2_C3	GCM1	0.5813583530809416	928	Discipline.A2G
RSAT	GCM1_P_d_diff_m3	GCM1	0.7330783640764396	928	Discipline.A2G
RSAT	GCM1_P_d_diff_m3_G20_M2_C1	GCM1	0.7122941598532071	928	Discipline.A2G
RSAT	MSANTD1_H_c3_G20_M2_C10	MSANTD1	0.4618211287383319	118	Discipline.A2G
RSAT	MSANTD1_P_o6_7_m2_G20_M2_C4	MSANTD1	0.5323650917456065	118	Discipline.A2G
RSAT	MSANTD1_S_c2	MSANTD1	0.4181572333135267	118	Discipline.A2G
RSAT	MSANTD1_S_c2_G20_M5_C1	MSANTD1	0.4102689806258675	118	Discipline.A2G
RSAT	MYF6_C_p6_m2_G19_M1_C7	MYF6	0.660246599340622	672	Discipline.G2A
RSAT	MYF6_C_p7_m2	MYF6	0.6303628161555871	672	Discipline.G2A
RSAT	MYF6_G_c1_n6_3m	MYF6	0.6455399082105138	672	Discipline.G2A
RSAT	MYF6_G_c1_n6_3m_G20_M1_C3	MYF6	0.6511030706010126	672	Discipline.G2A
RSAT	MYPOP_H_c3	MYPOP	0.6292360403028977	311	Discipline.A2G
RSAT	MYPOP_H_c3_G20_M1_C5	MYPOP	0.6558257439491286	311	Discipline.A2G
RSAT	MYPOP_P_o6_7_m3	MYPOP	0.5803732466943662	311	Discipline.A2G
RSAT	MYPOP_P_o6_7_m3_G20_M5_C3	MYPOP	0.6344544691494957	311	Discipline.A2G
RSAT	PRDM13_C_c2_n3_2m	PRDM13	0.5921701123998663	19	Discipline.G2A
RSAT	PRDM13_C_c2_n3_2m_G20_M2_C9	PRDM13	0.581091205926223	19	Discipline.G2A
RSAT	PRDM13_G_c1_n6_5m_G20_M4_C5	PRDM13	0.5478340409251278	19	Discipline.G2A
RSAT	PRDM13_G_c1_n7_7m	PRDM13	0.5891359217882763	19	Discipline.G2A
RSAT	SALL3_C_p7_m1_G20_M4_C4	SALL3	0.4414818514818515	15	Discipline.G2A
RSAT	SALL3_C_p7_m2	SALL3	0.6939560439560438	15	Discipline.G2A
RSAT	SALL3_G_c1	SALL3	0.6775649350649352	15	Discipline.G2A
RSAT	SALL3_G_c1_G20_M1_C6	SALL3	0.3866178266178266	15	Discipline.G2A
RSAT	SP140L_H_c1	SP140L	0.42581660763478946	11	Discipline.A2G
RSAT	SP140L_H_c1_n3_4m_G20_M1_C1	SP140L	0.7371326905417814	11	Discipline.A2G
RSAT	SP140L_P_d_diff_m1_G20_M4_C5	SP140L	0.5212580348943985	11	Discipline.A2G
RSAT	SP140L_S_c5_G19_M4_C3	SP140L	0.545192181555818	11	Discipline.A2G
RSAT	TPRX1_H_c1_n3_2m	TPRX1	0.494581723063557	17	Discipline.A2G
RSAT	TPRX1_H_c1_n3_2m_G20_M4_C7	TPRX1	0.6499842605311356	17	Discipline.A2G
RSAT	TPRX1_P_d_diff_m3_G19_M1_C3	TPRX1	0.7850472048136408	17	Discipline.A2G
RSAT	TPRX1_S_c4_G20_M5_C4	TPRX1	0.5873488535685768	17	Discipline.A2G
RSAT	USF3_C_c1_n1_2m	USF3	0.6772665936281949	165	Discipline.G2A
RSAT	USF3_C_c1_n1_2m_G20_M1_C7	USF3	0.617738525454543	165	Discipline.G2A
RSAT	USF3_G_c1_n7_3m	USF3	0.6092424287186589	165	Discipline.G2A
RSAT	USF3_G_c1_n7_3m_G18_M2_C4	USF3	0.5828518789212493	165	Discipline.G2A
RSAT	ZBED2_C_c1_n3_3m	ZBED2	0.5668893198304963	18	Discipline.G2A
RSAT	ZBED2_C_c1_n3_3m_G19_M5_C5	ZBED2	0.4981535439868773	18	Discipline.G2A
RSAT	ZBED2_G_c1_n1_2m	ZBED2	0.6234649156217783	18	Discipline.G2A
RSAT	ZBED2_G_c2_G20_M4_C4	ZBED2	0.5313601703307586	18	Discipline.G2A
RSAT	ZBED5_G_c1_n1_2m	ZBED5	0.7112188138497149	78	Discipline.G2A
RSAT	ZBED5_G_c1_n1_2m_G20_M3_C9	ZBED5	0.6878888353540656	78	Discipline.G2A
RSAT	ZBTB47_H_c1_n7_2m	ZBTB47	0.593622531657291	22	Discipline.A2G
RSAT	ZBTB47_H_c1_n7_2m_G20_M1_C7	ZBTB47	0.7080437501173499	22	Discipline.A2G
RSAT	ZFTA_H_c1	ZFTA	0.6441931509987552	33	Discipline.A2G
RSAT	ZFTA_H_c1_G20_M3_C4	ZFTA	0.5999962065467931	33	Discipline.A2G
RSAT	ZFTA_P_d_diff_m3_G20_M3_C3	ZFTA	0.544075044512366	33	Discipline.A2G
RSAT	ZFTA_S_c1_n9_2m_G20_M2_C8	ZFTA	0.4621548019129928	33	Discipline.A2G
RSAT	ZNF251_C_c1_n7_5m_G20_M1_C2	ZNF251	0.35990419836573684	13	Discipline.G2A
RSAT	ZNF251_C_p6_m3	ZNF251	0.3999615768846537	13	Discipline.G2A
RSAT	ZNF251_G_c1_n6_2m	ZNF251	0.39828568867030406	13	Discipline.G2A
RSAT	ZNF251_G_c1_n6_2m_G20_M3_C2	ZNF251	0.23536399497937963	13	Discipline.G2A
RSAT	ZNF367_C_c1_n4_4m	ZNF367	0.6782217032180702	42	Discipline.G2A
RSAT	ZNF367_C_c1_n4_4m_G20_M5_C9	ZNF367	0.5505306528049426	42	Discipline.G2A
RSAT	ZNF367_G_c1_n10_11m	ZNF367	0.5986426806121359	42	Discipline.G2A
RSAT	ZNF367_G_c1_n9_10m_G20_M3_C4	ZNF367	0.6011016388963585	42	Discipline.G2A
RSAT	ZNF395_C_c2	ZNF395	0.47118266349035576	13	Discipline.G2A
RSAT	ZNF395_C_c2_G20_M2_C3	ZNF395	0.47345122825892055	13	Discipline.G2A
RSAT	ZNF395_G_c1	ZNF395	0.42963767002228537	13	Discipline.G2A
RSAT	ZNF395_G_c1_G20_M5_C7	ZNF395	0.4771808319885243	13	Discipline.G2A
RSAT	ZNF493_C_c8	ZNF493	0.4015422077922078	12	Discipline.G2A
RSAT	ZNF493_C_c8_G20_M3_C7	ZNF493	0.4830266955266955	12	Discipline.G2A
RSAT	ZNF493_G_c1_n3_2m	ZNF493	0.4603174603174603	12	Discipline.G2A
RSAT	ZNF493_G_c1_n3_2m_G20_M4_C2	ZNF493	0.5161210317460317	12	Discipline.G2A
RSAT	ZNF518B_C_d_m1	ZNF518B	0.3998190956889096	23	Discipline.G2A
RSAT	ZNF518B_C_d_m1_G20_M2_C3	ZNF518B	0.5035205399135385	23	Discipline.G2A
RSAT	ZNF518B_G_c1_n1_2m	ZNF518B	0.5665207302700207	23	Discipline.G2A
RSAT	ZNF518B_G_c1_n1_2m_G20_M4_C5	ZNF518B	0.4942992883818205	23	Discipline.G2A
RSAT	ZNF648_C_c2	ZNF648	0.6712376846816207	24	Discipline.G2A
RSAT	ZNF648_C_c2_G20_M5_C2	ZNF648	0.6080882737372506	24	Discipline.G2A
RSAT	ZNF648_G_c2	ZNF648	0.47184723060282513	24	Discipline.G2A
RSAT	ZNF648_G_c2_G20_M4_C6	ZNF648	0.6533596611721612	24	Discipline.G2A
RSAT	ZNF721_H_c1_n2_2m	ZNF721	0.5642771584884831	190	Discipline.A2G
RSAT	ZNF721_H_c1_n2_2m_G20_M2_C3	ZNF721	0.5760676656314537	190	Discipline.A2G
RSAT	ZNF780B_H_c1	ZNF780B	0.5705035768234527	28	Discipline.A2G
RSAT	ZNF780B_H_c5_G20_M1_C9	ZNF780B	0.5308243886439376	28	Discipline.A2G
RSAT	ZNF780B_S_c1_G20_M1_C8	ZNF780B	0.5077467076574219	28	Discipline.A2G
RSAT	ZNF780B_S_c2_n9_2m	ZNF780B	0.6283509746571975	28	Discipline.A2G
RSAT	ZNF831_H_c1	ZNF831	0.6171911986363577	69	Discipline.A2G
RSAT	ZNF831_H_c1_G18_M2_C6	ZNF831	0.6463297876468197	69	Discipline.A2G
RSAT	ZNF831_S_c3	ZNF831	0.535206126491042	69	Discipline.A2G
RSAT	ZNF831_S_c3_G20_M5_C9	ZNF831	0.6360415859054124	69	Discipline.A2G
StochasticChaos	CAMTA1_CHS	CAMTA1	0.7574045002616431	14	Discipline.G2A
StochasticChaos	CAMTA1_GHTS	CAMTA1	0.6207461189604047	14	Discipline.G2A
StochasticChaos	CREB3L3_HTS	CREB3L3	0.2596428571428572	10	Discipline.A2G
StochasticChaos	FIZ1_HTS	FIZ1	0.04	10	Discipline.A2G
StochasticChaos	FIZ1_SMS	FIZ1	0.1444047619047619	10	Discipline.A2G
StochasticChaos	GCM1_HTS	GCM1	0.720227388201688	928	Discipline.A2G
StochasticChaos	GCM1_PBM	GCM1	0.7357055329586928	928	Discipline.A2G
StochasticChaos	GCM1_SMS	GCM1	0.5827582810058266	928	Discipline.A2G
StochasticChaos	MSANTD1_HTS	MSANTD1	0.6987853461832457	118	Discipline.A2G
StochasticChaos	MSANTD1_PBM	MSANTD1	0.7181719766502662	118	Discipline.A2G
StochasticChaos	MSANTD1_SMS	MSANTD1	0.6490290462398531	118	Discipline.A2G
StochasticChaos	MYF6_CHS	MYF6	0.4702813045026816	672	Discipline.G2A
StochasticChaos	MYF6_GHTS	MYF6	0.6396427486973421	672	Discipline.G2A
StochasticChaos	MYPOP_HTS	MYPOP	0.6217252407331768	311	Discipline.A2G
StochasticChaos	MYPOP_PBM	MYPOP	0.6612759057178269	311	Discipline.A2G
StochasticChaos	PRDM13_GHTS	PRDM13	0.46234555099635755	19	Discipline.G2A
StochasticChaos	SP140L_PBM	SP140L	0.28236914600550966	11	Discipline.A2G
StochasticChaos	SP140L_SMS	SP140L	0.5230716253443526	11	Discipline.A2G
StochasticChaos	TPRX1_HTS	TPRX1	0.64097825473258	17	Discipline.A2G
StochasticChaos	TPRX1_PBM	TPRX1	0.5533617424242424	17	Discipline.A2G
StochasticChaos	TPRX1_SMS	TPRX1	0.3113754325259515	17	Discipline.A2G
StochasticChaos	USF3_GHTS	USF3	0.6028158717127536	165	Discipline.G2A
StochasticChaos	ZBED2_CHS	ZBED2	0.46603815574403806	18	Discipline.G2A
StochasticChaos	ZBED2_GHTS	ZBED2	0.49569686849098615	18	Discipline.G2A
StochasticChaos	ZBED5_CHS	ZBED5	0.37158160765924825	78	Discipline.G2A
StochasticChaos	ZBED5_GHTS	ZBED5	0.47001111629171316	78	Discipline.G2A
StochasticChaos	ZBTB47_HTS	ZBTB47	0.33758621761014107	22	Discipline.A2G
StochasticChaos	ZFTA_HTS	ZFTA	0.6678376891852215	33	Discipline.A2G
StochasticChaos	ZFTA_PBM	ZFTA	0.48845141360834304	33	Discipline.A2G
StochasticChaos	ZFTA_SMS	ZFTA	0.7882070142100318	33	Discipline.A2G
StochasticChaos	ZNF251_CHS	ZNF251	0.2748037219191065	13	Discipline.G2A
StochasticChaos	ZNF251_GHTS	ZNF251	0.5335587489433643	13	Discipline.G2A
StochasticChaos	ZNF367_CHS	ZNF367	0.6008734384641654	42	Discipline.G2A
StochasticChaos	ZNF367_GHTS	ZNF367	0.6404456581324192	42	Discipline.G2A
StochasticChaos	ZNF395_CHS	ZNF395	0.44053510591972134	13	Discipline.G2A
StochasticChaos	ZNF395_GHTS	ZNF395	0.5532377878531725	13	Discipline.G2A
StochasticChaos	ZNF493_CHS	ZNF493	0.5757124819624819	12	Discipline.G2A
StochasticChaos	ZNF493_GHTS	ZNF493	0.6077741702741702	12	Discipline.G2A
StochasticChaos	ZNF518B_CHS	ZNF518B	0.6397627983432659	23	Discipline.G2A
StochasticChaos	ZNF518B_GHTS	ZNF518B	0.5877919180805343	23	Discipline.G2A
StochasticChaos	ZNF648_CHS	ZNF648	0.26671093272040575	24	Discipline.G2A
StochasticChaos	ZNF721_HTS	ZNF721	0.6273817291396664	190	Discipline.A2G
StochasticChaos	ZNF780B_HTS	ZNF780B	0.468774289605035	28	Discipline.A2G
StochasticChaos	ZNF831_HTS	ZNF831	0.5998494352704824	69	Discipline.A2G
StochasticChaos	ZNF831_SMS	ZNF831	0.5865172700966903	69	Discipline.A2G
The Motifvators	initial_GHTS_CAMTA1	CAMTA1	0.29423255316112457	14	Discipline.G2A
The Motifvators	initial_GHTS_MYF6	MYF6	0.6013566653231011	672	Discipline.G2A
The Motifvators	initial_GHTS_PRDM13	PRDM13	0.42690709567440865	19	Discipline.G2A
The Motifvators	initial_GHTS_SALL3	SALL3	0.3954329004329004	15	Discipline.G2A
The Motifvators	initial_GHTS_USF3	USF3	0.6622934266797321	165	Discipline.G2A
The Motifvators	initial_GHTS_ZBED2	ZBED2	0.2815201206745324	18	Discipline.G2A
The Motifvators	initial_GHTS_ZBED5	ZBED5	0.7546579161193244	78	Discipline.G2A
The Motifvators	initial_GHTS_ZNF251	ZNF251	0.33491124260355026	13	Discipline.G2A
The Motifvators	initial_GHTS_ZNF367	ZNF367	0.6668727343107766	42	Discipline.G2A
The Motifvators	initial_GHTS_ZNF395	ZNF395	0.4042431927047312	13	Discipline.G2A
The Motifvators	initial_GHTS_ZNF493	ZNF493	0.26180555555555557	12	Discipline.G2A
The Motifvators	initial_GHTS_ZNF518B	ZNF518B	0.7089375754613192	23	Discipline.G2A
The Motifvators	initial_GHTS_ZNF648	ZNF648	0.46684465452847795	24	Discipline.G2A
The Motifvators	refined_GHTS_CAMTA1	CAMTA1	0.2965157858015001	14	Discipline.G2A
The Motifvators	refined_GHTS_MYF6	MYF6	0.6362309123919699	672	Discipline.G2A
The Motifvators	refined_GHTS_PRDM13	PRDM13	0.3915960302529473	19	Discipline.G2A
The Motifvators	refined_GHTS_SALL3	SALL3	0.5738772338772339	15	Discipline.G2A
The Motifvators	refined_GHTS_USF3	USF3	0.6516330425512887	165	Discipline.G2A
The Motifvators	refined_GHTS_ZBED2	ZBED2	0.5673431620122797	18	Discipline.G2A
The Motifvators	refined_GHTS_ZBED5	ZBED5	0.6743768755223312	78	Discipline.G2A
The Motifvators	refined_GHTS_ZNF251	ZNF251	0.37360075821614286	13	Discipline.G2A
The Motifvators	refined_GHTS_ZNF367	ZNF367	0.5145441171756795	42	Discipline.G2A
The Motifvators	refined_GHTS_ZNF395	ZNF395	0.2832026947411563	13	Discipline.G2A
The Motifvators	refined_GHTS_ZNF493	ZNF493	0.5143217893217894	12	Discipline.G2A
The Motifvators	refined_GHTS_ZNF518B	ZNF518B	0.7339855466853366	23	Discipline.G2A
The Motifvators	refined_GHTS_ZNF648	ZNF648	0.4969432735880104	24	Discipline.G2A
Trituration	CAMTA1_motif1	CAMTA1	0.5010971171685457	14	Discipline.G2A
Trituration	CAMTA1_motif2	CAMTA1	0.3474180581323439	14	Discipline.G2A
Trituration	CAMTA1_motif3	CAMTA1	0.2561813186813187	14	Discipline.G2A
Trituration	MYF6_motif1	MYF6	0.5999644365171843	672	Discipline.G2A
Trituration	MYF6_motif2	MYF6	0.6069946255431163	672	Discipline.G2A
Trituration	PRDM13_motif1	PRDM13	0.5026052767864728	19	Discipline.G2A
Trituration	PRDM13_motif2	PRDM13	0.3590319125861736	19	Discipline.G2A
Trituration	PRDM13_motif3	PRDM13	0.5057543910383245	19	Discipline.G2A
Trituration	PRDM13_motif4	PRDM13	0.37027833085658574	19	Discipline.G2A
Trituration	SALL3_motif1	SALL3	0.5305960705960706	15	Discipline.G2A
Trituration	SALL3_motif2	SALL3	0.5712962962962963	15	Discipline.G2A
Trituration	SALL3_motif3	SALL3	0.5777344877344878	15	Discipline.G2A
Trituration	SALL3_motif4	SALL3	0.5346800421800423	15	Discipline.G2A
Trituration	USF3_motif1	USF3	0.5859288656240783	165	Discipline.G2A
Trituration	USF3_motif2	USF3	0.6017573046412902	165	Discipline.G2A
Trituration	USF3_motif3	USF3	0.5949447368950331	165	Discipline.G2A
Trituration	USF3_motif4	USF3	0.6154244605018871	165	Discipline.G2A
Trituration	ZBED2_motif1	ZBED2	0.541160410032959	18	Discipline.G2A
Trituration	ZBED2_motif2	ZBED2	0.6125231431603981	18	Discipline.G2A
Trituration	ZBED2_motif3	ZBED2	0.7157264757754953	18	Discipline.G2A
Trituration	ZBED2_motif4	ZBED2	0.6016142853152657	18	Discipline.G2A
Trituration	ZBED5_motif1	ZBED5	0.672181992421709	78	Discipline.G2A
Trituration	ZBED5_motif2	ZBED5	0.6704920831566539	78	Discipline.G2A
Trituration	ZBED5_motif3	ZBED5	0.7602886453611628	78	Discipline.G2A
Trituration	ZBED5_motif4	ZBED5	0.7351592394864901	78	Discipline.G2A
Trituration	ZNF251_motif1	ZNF251	0.5052671687287071	13	Discipline.G2A
Trituration	ZNF251_motif2	ZNF251	0.2451676528599605	13	Discipline.G2A
Trituration	ZNF251_motif3	ZNF251	0.40488613950152413	13	Discipline.G2A
Trituration	ZNF251_motif4	ZNF251	0.24041983657368274	13	Discipline.G2A
Trituration	ZNF367_motif1	ZNF367	0.5965479942123758	42	Discipline.G2A
Trituration	ZNF367_motif2	ZNF367	0.5680953770810191	42	Discipline.G2A
Trituration	ZNF367_motif3	ZNF367	0.6016758387428025	42	Discipline.G2A
Trituration	ZNF367_motif4	ZNF367	0.5690582721554899	42	Discipline.G2A
Trituration	ZNF395_motif1	ZNF395	0.537374484489869	13	Discipline.G2A
Trituration	ZNF395_motif2	ZNF395	0.4098469906162214	13	Discipline.G2A
Trituration	ZNF395_motif3	ZNF395	0.4098469906162214	13	Discipline.G2A
Trituration	ZNF395_motif4	ZNF395	0.7029777914393299	13	Discipline.G2A
Trituration	ZNF493_motif1	ZNF493	0.5018578643578644	12	Discipline.G2A
Trituration	ZNF493_motif2	ZNF493	0.30752314814814813	12	Discipline.G2A
Trituration	ZNF493_motif3	ZNF493	0.3928030303030303	12	Discipline.G2A
Trituration	ZNF493_motif4	ZNF493	0.5322465728715727	12	Discipline.G2A
Trituration	ZNF518B_motif1	ZNF518B	0.6030157332060273	23	Discipline.G2A
Trituration	ZNF518B_motif2	ZNF518B	0.5275952275429939	23	Discipline.G2A
Trituration	ZNF518B_motif3	ZNF518B	0.6168133536280984	23	Discipline.G2A
Trituration	ZNF518B_motif4	ZNF518B	0.5330808125470056	23	Discipline.G2A
Trituration	ZNF648_motif1	ZNF648	0.6347703222703223	24	Discipline.G2A
Trituration	ZNF648_motif2	ZNF648	0.6347703222703223	24	Discipline.G2A
Trituration	ZNF648_motif3	ZNF648	0.6347703222703223	24	Discipline.G2A
Trituration	ZNF648_motif4	ZNF648	0.40216410427807486	24	Discipline.G2A
callitmagic	CAMTA1_motif1_6707ae3f	CAMTA1	0.3362111103182532	14	Discipline.G2A
callitmagic	CAMTA1_motif2_299754a5	CAMTA1	0.1718723736580879	14	Discipline.G2A
callitmagic	CAMTA1_motif3_52e758f1	CAMTA1	0.5355055658627087	14	Discipline.G2A
callitmagic	CAMTA1_motif4_da50ef1d	CAMTA1	0.18973496741353885	14	Discipline.G2A
callitmagic	CREB3L3_motif1_d16af229	CREB3L3	0.5498809523809525	10	Discipline.A2G
callitmagic	CREB3L3_motif2_1c934b49	CREB3L3	0.4357142857142858	10	Discipline.A2G
callitmagic	CREB3L3_motif3_3e3f0e62	CREB3L3	0.2887698412698413	10	Discipline.A2G
callitmagic	CREB3L3_motif4_148cba02	CREB3L3	0.3918055555555556	10	Discipline.A2G
callitmagic	FIZ1_motif1_f404be06	FIZ1	0.4973015873015873	10	Discipline.A2G
callitmagic	FIZ1_motif2_4b424e9d	FIZ1	0.5055555555555555	10	Discipline.A2G
callitmagic	FIZ1_motif3_17e0dd8a	FIZ1	0.6844642857142856	10	Discipline.A2G
callitmagic	FIZ1_motif4_d0061891	FIZ1	0.01611111111111111	10	Discipline.A2G
callitmagic	GCM1_motif1_ebea9ee5	GCM1	0.6189060593544791	928	Discipline.A2G
callitmagic	GCM1_motif2_8cbb55c5	GCM1	0.6234177871980118	928	Discipline.A2G
callitmagic	GCM1_motif3_a68c71a9	GCM1	0.6011617080718688	928	Discipline.A2G
callitmagic	GCM1_motif4_c49e2319	GCM1	0.6802807185499721	928	Discipline.A2G
callitmagic	MSANTD1_motif1_dcb100f7	MSANTD1	0.6127384353286159	118	Discipline.A2G
callitmagic	MSANTD1_motif2_e037da06	MSANTD1	0.5840979720160541	118	Discipline.A2G
callitmagic	MSANTD1_motif3_5bcf90ef	MSANTD1	0.6916688082527901	118	Discipline.A2G
callitmagic	MSANTD1_motif4_d52b2acc	MSANTD1	0.5807432397898862	118	Discipline.A2G
callitmagic	MYF6_motif1_e429dd59	MYF6	0.6207859551154543	672	Discipline.G2A
callitmagic	MYF6_motif2_eb01cf1d	MYF6	0.6116880510652475	672	Discipline.G2A
callitmagic	MYF6_motif3_87dcdfab	MYF6	0.6154050024285505	672	Discipline.G2A
callitmagic	MYF6_motif4_9515628d	MYF6	0.6137147273256034	672	Discipline.G2A
callitmagic	MYPOP_motif1_c6b4d700	MYPOP	0.6809821110623481	311	Discipline.A2G
callitmagic	MYPOP_motif2_18da9518	MYPOP	0.6702191485657043	311	Discipline.A2G
callitmagic	MYPOP_motif3_9273c3f9	MYPOP	0.6655835185636062	311	Discipline.A2G
callitmagic	MYPOP_motif4_e3d1dc88	MYPOP	0.6663096536662652	311	Discipline.A2G
callitmagic	PRDM13_motif1_253e399b	PRDM13	0.3415635730753052	19	Discipline.G2A
callitmagic	PRDM13_motif2_6c0193fb	PRDM13	0.26069602143009346	19	Discipline.G2A
callitmagic	PRDM13_motif3_8d20d09a	PRDM13	0.4683977375439002	19	Discipline.G2A
callitmagic	PRDM13_motif4_0a8d9d66	PRDM13	0.4900351628618696	19	Discipline.G2A
callitmagic	SALL3_motif1_bb7ac32e	SALL3	0.3419047619047619	15	Discipline.G2A
callitmagic	SALL3_motif2_550b0da4	SALL3	0.2925396825396825	15	Discipline.G2A
callitmagic	SALL3_motif3_d9ee3af8	SALL3	0.3164141414141414	15	Discipline.G2A
callitmagic	SALL3_motif4_74d697ac	SALL3	0.3263532763532763	15	Discipline.G2A
callitmagic	SP140L_motif1_bef24df5	SP140L	0.17610520792338974	11	Discipline.A2G
callitmagic	SP140L_motif2_bead7742	SP140L	0.15792338974157155	11	Discipline.A2G
callitmagic	SP140L_motif3_3c8b91ad	SP140L	0.18381214744851107	11	Discipline.A2G
callitmagic	SP140L_motif4_a3c53ac5	SP140L	0.34312278630460447	11	Discipline.A2G
callitmagic	TPRX1_motif1_f73b4109	TPRX1	0.5969379908826274	17	Discipline.A2G
callitmagic	TPRX1_motif2_7fb250bc	TPRX1	0.6002369794757337	17	Discipline.A2G
callitmagic	TPRX1_motif3_c045656c	TPRX1	0.6447372264413788	17	Discipline.A2G
callitmagic	TPRX1_motif4_3719de22	TPRX1	0.7686677797404441	17	Discipline.A2G
callitmagic	USF3_motif1_7dd0f298	USF3	0.5726966666875359	165	Discipline.G2A
callitmagic	USF3_motif2_0cebf98c	USF3	0.5400876011819694	165	Discipline.G2A
callitmagic	USF3_motif3_c6977cdc	USF3	0.6027108555277789	165	Discipline.G2A
callitmagic	USF3_motif4_cc3af297	USF3	0.6772267748560263	165	Discipline.G2A
callitmagic	ZBED2_motif1_1871d7f7	ZBED2	0.6602121553101945	18	Discipline.G2A
callitmagic	ZBED2_motif2_303557e4	ZBED2	0.6576178360492085	18	Discipline.G2A
callitmagic	ZBED2_motif3_bf29ba42	ZBED2	0.5995629279943006	18	Discipline.G2A
callitmagic	ZBED2_motif4_af0798be	ZBED2	0.6224559731299928	18	Discipline.G2A
callitmagic	ZBED5_motif1_84ebcead	ZBED5	0.7710810134626102	78	Discipline.G2A
callitmagic	ZBED5_motif2_d8a863c2	ZBED5	0.789422923902731	78	Discipline.G2A
callitmagic	ZBED5_motif3_a8a07bf2	ZBED5	0.7416510184361982	78	Discipline.G2A
callitmagic	ZBED5_motif4_c1ebe665	ZBED5	0.7001767957362569	78	Discipline.G2A
callitmagic	ZBTB47_motif1_88f2f26c	ZBTB47	0.3165400376392848	22	Discipline.A2G
callitmagic	ZBTB47_motif2_dd61ddea	ZBTB47	0.6130418375484165	22	Discipline.A2G
callitmagic	ZBTB47_motif3_0e484e89	ZBTB47	0.5516498935009699	22	Discipline.A2G
callitmagic	ZBTB47_motif4_737794c2	ZBTB47	0.5600779868722453	22	Discipline.A2G
callitmagic	ZFTA_motif1_2f184792	ZFTA	0.6073170368062842	33	Discipline.A2G
callitmagic	ZFTA_motif2_397ec9c6	ZFTA	0.5647150274087102	33	Discipline.A2G
callitmagic	ZFTA_motif3_3429b2f7	ZFTA	0.5693298792370152	33	Discipline.A2G
callitmagic	ZFTA_motif4_4e2a18be	ZFTA	0.4823956651203878	33	Discipline.A2G
callitmagic	ZNF251_motif1_fa321362	ZNF251	0.44557066864759176	13	Discipline.G2A
callitmagic	ZNF251_motif2_b66c8ac7	ZNF251	0.33619329388560154	13	Discipline.G2A
callitmagic	ZNF251_motif3_2c1f1c3b	ZNF251	0.5901929267313882	13	Discipline.G2A
callitmagic	ZNF251_motif4_f084194c	ZNF251	0.567097005558544	13	Discipline.G2A
callitmagic	ZNF367_motif1_61d10312	ZNF367	0.5951399494401783	42	Discipline.G2A
callitmagic	ZNF367_motif2_c1a41026	ZNF367	0.5433131401347969	42	Discipline.G2A
callitmagic	ZNF367_motif3_dff3505b	ZNF367	0.6305255960605805	42	Discipline.G2A
callitmagic	ZNF367_motif4_08050464	ZNF367	0.5649530651314202	42	Discipline.G2A
callitmagic	ZNF395_motif1_31a2db19	ZNF395	0.33538470076931615	13	Discipline.G2A
callitmagic	ZNF395_motif2_36ffde0e	ZNF395	0.4233189887036041	13	Discipline.G2A
callitmagic	ZNF395_motif3_fbc020ca	ZNF395	0.43446297292451147	13	Discipline.G2A
callitmagic	ZNF395_motif4_beb15a0c	ZNF395	0.6163404882154881	13	Discipline.G2A
callitmagic	ZNF493_motif1_184dd79a	ZNF493	0.6025974025974025	12	Discipline.G2A
callitmagic	ZNF493_motif2_bb74b9eb	ZNF493	0.5352723665223665	12	Discipline.G2A
callitmagic	ZNF493_motif3_651c2d96	ZNF493	0.5945256132756133	12	Discipline.G2A
callitmagic	ZNF493_motif4_dffc5914	ZNF493	0.4567189754689754	12	Discipline.G2A
callitmagic	ZNF518B_motif1_3501ac4c	ZNF518B	0.6532282926174081	23	Discipline.G2A
callitmagic	ZNF518B_motif2_a536c419	ZNF518B	0.5437318772384935	23	Discipline.G2A
callitmagic	ZNF518B_motif3_4932dba3	ZNF518B	0.42551830830925963	23	Discipline.G2A
callitmagic	ZNF518B_motif4_1ce10282	ZNF518B	0.5374778464993369	23	Discipline.G2A
callitmagic	ZNF648_motif1_61db361f	ZNF648	0.4893294820962155	24	Discipline.G2A
callitmagic	ZNF648_motif2_3c6a2b9b	ZNF648	0.6308610578734418	24	Discipline.G2A
callitmagic	ZNF648_motif3_b4fec22f	ZNF648	0.6014949909750901	24	Discipline.G2A
callitmagic	ZNF648_motif4_f8d1bd95	ZNF648	0.5456426614321351	24	Discipline.G2A
callitmagic	ZNF721_motif1_e2971f98	ZNF721	0.5686950172504476	190	Discipline.A2G
callitmagic	ZNF721_motif2_9da7ad1b	ZNF721	0.5511067316447347	190	Discipline.A2G
callitmagic	ZNF721_motif3_28f018d9	ZNF721	0.5673146712438332	190	Discipline.A2G
callitmagic	ZNF721_motif4_0497dd66	ZNF721	0.4761366623144665	190	Discipline.A2G
callitmagic	ZNF780B_motif1_df1bd395	ZNF780B	0.6448929047143332	28	Discipline.A2G
callitmagic	ZNF780B_motif2_dc3b65be	ZNF780B	0.7053646857800583	28	Discipline.A2G
callitmagic	ZNF780B_motif3_40dfed0b	ZNF780B	0.7495416266330684	28	Discipline.A2G
callitmagic	ZNF780B_motif4_cbda5d24	ZNF780B	0.4000102822365	28	Discipline.A2G
callitmagic	ZNF831_motif1_0954996a	ZNF831	0.5934149910003889	69	Discipline.A2G
callitmagic	ZNF831_motif2_87a6854e	ZNF831	0.5725913467845747	69	Discipline.A2G
callitmagic	ZNF831_motif3_8a33617f	ZNF831	0.6858360978578535	69	Discipline.A2G
callitmagic	ZNF831_motif4_a6eb47f1	ZNF831	0.5510061387848033	69	Discipline.A2G
mex	PBM1434_f1	GCM1	0.7422561704018104	928	Discipline.A2G
mex	PBM1434_f2	GCM1	0.7401161417270474	928	Discipline.A2G
mex	PBM1434_f3	GCM1	0.7351606102547552	928	Discipline.A2G
mex	PBM1434_f4	GCM1	0.7946849570444814	928	Discipline.A2G
mex	THC_027_f1	ZBED5	0.7572224115683461	78	Discipline.G2A
mex	THC_027_f2	ZBED5	0.7388258076890659	78	Discipline.G2A
mex	THC_027_f3	ZBED5	0.6943911181564668	78	Discipline.G2A
mex	THC_027_f4	ZBED5	0.6943911181564668	78	Discipline.G2A
mex	THC_0445_f1	ZNF251	0.3808845001152693	13	Discipline.G2A
mex	THC_0445_f2	ZNF251	0.38159276620815075	13	Discipline.G2A
mex	THC_0445_f3	ZNF251	0.5905325443786982	13	Discipline.G2A
mex	THC_0445_f4	ZNF251	0.42917509840586765	13	Discipline.G2A
mex	THC_075_f1	USF3	0.674787109374918	165	Discipline.G2A
mex	THC_075_f2	USF3	0.6068114310825196	165	Discipline.G2A
mex	THC_075_f3	USF3	0.6155328386138179	165	Discipline.G2A
mex	THC_075_f4	USF3	0.554543382100862	165	Discipline.G2A
mex	THC_077_f1	ZNF648	0.6008359695859695	24	Discipline.G2A
mex	THC_077_f2	ZNF648	0.5071653020182433	24	Discipline.G2A
mex	THC_077_f3	ZNF648	0.7339094609035466	24	Discipline.G2A
mex	THC_077_f4	ZNF648	0.536616075702763	24	Discipline.G2A
mex	UT380_070__f1	FIZ1	0.4081547619047619	10	Discipline.A2G
mex	UT380_070__f2	FIZ1	0.45273809523809516	10	Discipline.A2G
mex	UT380_070__f3	FIZ1	0.4593650793650793	10	Discipline.A2G
mex	UT380_070__f4	FIZ1	0.3458333333333333	10	Discipline.A2G
mex	UT380_11_f1	MSANTD1	0.6732578623432781	118	Discipline.A2G
mex	UT380_11_f2	MSANTD1	0.7027252711103789	118	Discipline.A2G
mex	UT380_11_f3	MSANTD1	0.757739243946373	118	Discipline.A2G
mex	UT380_11_f4	MSANTD1	0.7125813847595763	118	Discipline.A2G
mex	UT380_204__f1	SP140L	0.6332759412304867	11	Discipline.A2G
mex	UT380_204__f2	SP140L	0.6332759412304867	11	Discipline.A2G
mex	UT380_204__f3	SP140L	0.6757542962088418	11	Discipline.A2G
mex	UT380_204__f4	SP140L	0.5010232192050373	11	Discipline.A2G
mex	UT380_46_f1	ZNF780B	0.5424086373679907	28	Discipline.A2G
mex	UT380_46_f2	ZNF780B	0.5723312340303668	28	Discipline.A2G
mex	UT380_46_f3	ZNF780B	0.587098759375545	28	Discipline.A2G
mex	UT380_46_f4	ZNF780B	0.5331870312227455	28	Discipline.A2G
mex	YWC_B_GA40NGGTCA_f1	CREB3L3	0.13416666666666666	10	Discipline.A2G
mex	YWC_B_GA40NGGTCA_f2	CREB3L3	0.7088095238095238	10	Discipline.A2G
mex	YWC_B_GA40NGGTCA_f3	CREB3L3	0.5554166666666667	10	Discipline.A2G
mex	YWC_B_GA40NGGTCA_f4	CREB3L3	0.6499118165784832	10	Discipline.A2G
mex	YWH_B_AffSeq_B11_ZNF39_f1	ZNF395	0.7739913932221624	13	Discipline.G2A
mex	YWH_B_AffSeq_B11_ZNF39_f2	ZNF395	0.7879108071415764	13	Discipline.G2A
mex	YWH_B_AffSeq_B11_ZNF39_f3	ZNF395	0.6919119342196266	13	Discipline.G2A
mex	YWH_B_AffSeq_B11_ZNF39_f4	ZNF395	0.767309186539956	13	Discipline.G2A
mex	YWI_A_TC40NGCGAT_f1	ZNF831	0.6100535345116276	69	Discipline.A2G
mex	YWI_A_TC40NGCGAT_f2	ZNF831	0.599697350999159	69	Discipline.A2G
mex	YWI_A_TC40NGCGAT_f3	ZNF831	0.5969818488009836	69	Discipline.A2G
mex	YWI_A_TC40NGCGAT_f4	ZNF831	0.5906890377744382	69	Discipline.A2G
mex	YWK_B_AffSeq_A1_SALL_f1	SALL3	0.5915811965811967	15	Discipline.G2A
mex	YWK_B_AffSeq_A1_SALL_f2	SALL3	0.3983577533577533	15	Discipline.G2A
mex	YWK_B_AffSeq_A1_SALL_f3	SALL3	0.4815476190476191	15	Discipline.G2A
mex	YWK_B_AffSeq_A1_SALL_f4	SALL3	0.40819846819846817	15	Discipline.G2A
mex	YWK_D_AffSeq_B12_MYF_f1	MYF6	0.6583290676404965	672	Discipline.G2A
mex	YWK_D_AffSeq_B12_MYF_f2	MYF6	0.6478554632701382	672	Discipline.G2A
mex	YWK_D_AffSeq_B12_MYF_f3	MYF6	0.6462569557057896	672	Discipline.G2A
mex	YWK_D_AffSeq_B12_MYF_f4	MYF6	0.6254747655531502	672	Discipline.G2A
mex	YWK_D_AffSeq_G3_CAMTA_f1	CAMTA1	0.4740384615384615	14	Discipline.G2A
mex	YWK_D_AffSeq_G3_CAMTA_f2	CAMTA1	0.6123757195185766	14	Discipline.G2A
mex	YWK_D_AffSeq_G3_CAMTA_f3	CAMTA1	0.2891481381865997	14	Discipline.G2A
mex	YWK_D_AffSeq_G3_CAMTA_f4	CAMTA1	0.7107838589981448	14	Discipline.G2A
mex	YWL_A_CT40NCGGAG_f1	TPRX1	0.7439353754665173	17	Discipline.A2G
mex	YWL_A_CT40NCGGAG_f2	TPRX1	0.7492021674980153	17	Discipline.A2G
mex	YWL_A_CT40NCGGAG_f3	TPRX1	0.6756364310430055	17	Discipline.A2G
mex	YWL_A_CT40NCGGAG_f4	TPRX1	0.644124301304232	17	Discipline.A2G
mex	YWM_A_AA40NGTGGT_f1	ZFTA	0.8267522186972378	33	Discipline.A2G
mex	YWM_A_AA40NGTGGT_f2	ZFTA	0.8233602344941544	33	Discipline.A2G
mex	YWM_A_AA40NGTGGT_f3	ZFTA	0.75729601989352	33	Discipline.A2G
mex	YWM_A_AA40NGTGGT_f4	ZFTA	0.75729601989352	33	Discipline.A2G
mex	YWN_A_CC40NTGAGT_f1	MYPOP	0.6421298287500158	311	Discipline.A2G
mex	YWN_A_CC40NTGAGT_f2	MYPOP	0.6297352614566697	311	Discipline.A2G
mex	YWN_A_CC40NTGAGT_f3	MYPOP	0.607149310065574	311	Discipline.A2G
mex	YWN_A_CC40NTGAGT_f4	MYPOP	0.6553444161770792	311	Discipline.A2G
mex	YWN_B_AffSeq_G11_ZBED2_F_f1	ZBED2	0.6159158357075023	18	Discipline.G2A
mex	YWN_B_AffSeq_G11_ZBED2_F_f2	ZBED2	0.48949897234210954	18	Discipline.G2A
mex	YWN_B_AffSeq_G11_ZBED2_F_f3	ZBED2	0.4670456631240945	18	Discipline.G2A
mex	YWN_B_AffSeq_G11_ZBED2_F_f4	ZBED2	0.49942439096850866	18	Discipline.G2A
mex	YWN_B_AffSeq_H1_ZNF518_f1	ZNF518B	0.4948397858825666	23	Discipline.G2A
mex	YWN_B_AffSeq_H1_ZNF518_f2	ZNF518B	0.4561664228165074	23	Discipline.G2A
mex	YWN_B_AffSeq_H1_ZNF518_f3	ZNF518B	0.8204789429071725	23	Discipline.G2A
mex	YWN_B_AffSeq_H1_ZNF518_f4	ZNF518B	0.7370498608325399	23	Discipline.G2A
mex	YWP_B_AffSeq_C12_PRDM13_DB_f1	PRDM13	0.533818545530294	19	Discipline.G2A
mex	YWP_B_AffSeq_C12_PRDM13_DB_f2	PRDM13	0.585485912526812	19	Discipline.G2A
mex	YWP_B_AffSeq_C12_PRDM13_DB_f3	PRDM13	0.32964555948098395	19	Discipline.G2A
mex	YWP_B_AffSeq_C12_PRDM13_DB_f4	PRDM13	0.3711555820566738	19	Discipline.G2A
mex	YWQ_A_GC40NTATAG_f1	ZBTB47	0.6402322093111565	22	Discipline.A2G
mex	YWQ_A_GC40NTATAG_f2	ZBTB47	0.532970728024204	22	Discipline.A2G
mex	YWQ_A_GC40NTATAG_f3	ZBTB47	0.5679779784902216	22	Discipline.A2G
mex	YWQ_A_GC40NTATAG_f4	ZBTB47	0.5066026809447862	22	Discipline.A2G
mex	YWR_B_AffSeq_E5_ZNF367_F_f1	ZNF367	0.5113404916405752	42	Discipline.G2A
mex	YWR_B_AffSeq_E5_ZNF367_F_f2	ZNF367	0.5801481707227238	42	Discipline.G2A
mex	YWR_B_AffSeq_E5_ZNF367_F_f3	ZNF367	0.6079836486233801	42	Discipline.G2A
mex	YWR_B_AffSeq_E5_ZNF367_F_f4	ZNF367	0.5302086414859475	42	Discipline.G2A
mex	YWR_B_AffSeq_H7_ZNF493_F_f1	ZNF493	0.5497700216450216	12	Discipline.G2A
mex	YWR_B_AffSeq_H7_ZNF493_F_f2	ZNF493	0.39062049062049065	12	Discipline.G2A
mex	YWR_B_AffSeq_H7_ZNF493_F_f3	ZNF493	0.40972222222222215	12	Discipline.G2A
mex	YWR_B_AffSeq_H7_ZNF493_F_f4	ZNF493	0.5833333333333333	12	Discipline.G2A
mex	YWS_A_AG40NCTTTT_f1	ZNF721	0.5861314994350516	190	Discipline.A2G
mex	YWS_A_AG40NCTTTT_f2	ZNF721	0.6132805473041452	190	Discipline.A2G
mex	YWS_A_AG40NCTTTT_f3	ZNF721	0.5959614039852748	190	Discipline.A2G
mex	YWS_A_AG40NCTTTT_f4	ZNF721	0.6128104492380801	190	Discipline.A2G
sbi two	CAMTA1motif0	CAMTA1	0.23008658008658006	14	Discipline.G2A
sbi two	CAMTA1motif1	CAMTA1	0.25618131868131866	14	Discipline.G2A
sbi two	CAMTA1motif2	CAMTA1	0.4168153275296132	14	Discipline.G2A
sbi two	CAMTA1motif3	CAMTA1	0.5894163376306233	14	Discipline.G2A
sbi two	CREB3L3motif0	CREB3L3	0.33035714285714285	10	Discipline.A2G
sbi two	CREB3L3motif1	CREB3L3	0.3892857142857143	10	Discipline.A2G
sbi two	CREB3L3motif2	CREB3L3	0.6666666666666666	10	Discipline.A2G
sbi two	CREB3L3motif3	CREB3L3	0.5003571428571428	10	Discipline.A2G
sbi two	FIZ1motif0	FIZ1	0.6254166666666666	10	Discipline.A2G
sbi two	FIZ1motif1	FIZ1	0.5161904761904761	10	Discipline.A2G
sbi two	FIZ1motif2	FIZ1	0.24214285714285716	10	Discipline.A2G
sbi two	FIZ1motif3	FIZ1	0.20577380952380953	10	Discipline.A2G
sbi two	GCM1motif0	GCM1	0.5288528333549849	928	Discipline.A2G
sbi two	GCM1motif1	GCM1	0.4659034007320832	928	Discipline.A2G
sbi two	GCM1motif2	GCM1	0.47942416262714443	928	Discipline.A2G
sbi two	GCM1motif3	GCM1	0.5874947509236152	928	Discipline.A2G
sbi two	MSANTD1motif0	MSANTD1	0.5598877072611352	118	Discipline.A2G
sbi two	MSANTD1motif1	MSANTD1	0.4531966096506761	118	Discipline.A2G
sbi two	MSANTD1motif2	MSANTD1	0.506798371167765	118	Discipline.A2G
sbi two	MSANTD1motif3	MSANTD1	0.5211816615968038	118	Discipline.A2G
sbi two	MYF6motif0	MYF6	0.5614481136188788	672	Discipline.G2A
sbi two	MYF6motif1	MYF6	0.46864930853556863	672	Discipline.G2A
sbi two	MYF6motif2	MYF6	0.5332131387651858	672	Discipline.G2A
sbi two	MYF6motif3	MYF6	0.555880823505898	672	Discipline.G2A
sbi two	MYPOPmotif0	MYPOP	0.5948821163776077	311	Discipline.A2G
sbi two	MYPOPmotif1	MYPOP	0.5176580931095454	311	Discipline.A2G
sbi two	MYPOPmotif2	MYPOP	0.5022510814725631	311	Discipline.A2G
sbi two	MYPOPmotif3	MYPOP	0.4868696197222883	311	Discipline.A2G
sbi two	PRDM13motif0	PRDM13	0.4440188404330086	19	Discipline.G2A
sbi two	PRDM13motif1	PRDM13	0.4813698332518604	19	Discipline.G2A
sbi two	PRDM13motif2	PRDM13	0.43299603167820533	19	Discipline.G2A
sbi two	PRDM13motif3	PRDM13	0.5124250077769713	19	Discipline.G2A
sbi two	SALL3motif0	SALL3	0.16146927146927145	15	Discipline.G2A
sbi two	SALL3motif1	SALL3	0.35009620009620007	15	Discipline.G2A
sbi two	SALL3motif2	SALL3	0.4602421388135674	15	Discipline.G2A
sbi two	SALL3motif3	SALL3	0.5703210678210678	15	Discipline.G2A
sbi two	SP140Lmotif0	SP140L	0.3878328741965106	11	Discipline.A2G
sbi two	SP140Lmotif1	SP140L	0.2142561983471074	11	Discipline.A2G
sbi two	SP140Lmotif2	SP140L	0.2966515807424898	11	Discipline.A2G
sbi two	SP140Lmotif3	SP140L	0.2665289256198347	11	Discipline.A2G
sbi two	TPRX1motif0	TPRX1	0.4822170044488384	17	Discipline.A2G
sbi two	TPRX1motif1	TPRX1	0.7542626059062045	17	Discipline.A2G
sbi two	TPRX1motif2	TPRX1	0.44072161978736374	17	Discipline.A2G
sbi two	TPRX1motif3	TPRX1	0.39957231349964917	17	Discipline.A2G
sbi two	USF3motif0	USF3	0.5746064668694496	165	Discipline.G2A
sbi two	USF3motif1	USF3	0.4222226753294433	165	Discipline.G2A
sbi two	USF3motif2	USF3	0.6156264780839638	165	Discipline.G2A
sbi two	USF3motif3	USF3	0.47043581566875237	165	Discipline.G2A
sbi two	ZBED2motif0	ZBED2	0.5152081194468738	18	Discipline.G2A
sbi two	ZBED2motif1	ZBED2	0.3981265262515262	18	Discipline.G2A
sbi two	ZBED2motif2	ZBED2	0.5012248825974317	18	Discipline.G2A
sbi two	ZBED2motif3	ZBED2	0.297654558982684	18	Discipline.G2A
sbi two	ZBED5motif0	ZBED5	0.4406186613523106	78	Discipline.G2A
sbi two	ZBED5motif1	ZBED5	0.48545314948507123	78	Discipline.G2A
sbi two	ZBED5motif2	ZBED5	0.4300612792191201	78	Discipline.G2A
sbi two	ZBED5motif3	ZBED5	0.46089039426983064	78	Discipline.G2A
sbi two	ZBTB47motif0	ZBTB47	0.5387023287248449	22	Discipline.A2G
sbi two	ZBTB47motif1	ZBTB47	0.38810499102329943	22	Discipline.A2G
sbi two	ZBTB47motif2	ZBTB47	0.5634061910975787	22	Discipline.A2G
sbi two	ZBTB47motif3	ZBTB47	0.49685591834128284	22	Discipline.A2G
sbi two	ZFTAmotif0	ZFTA	0.5402057409374827	33	Discipline.A2G
sbi two	ZFTAmotif1	ZFTA	0.3175262170342702	33	Discipline.A2G
sbi two	ZFTAmotif2	ZFTA	0.5629516516291605	33	Discipline.A2G
sbi two	ZFTAmotif3	ZFTA	0.5463328231617567	33	Discipline.A2G
sbi two	ZNF251motif0	ZNF251	0.2554576833422987	13	Discipline.G2A
sbi two	ZNF251motif1	ZNF251	0.34102916314454773	13	Discipline.G2A
sbi two	ZNF251motif2	ZNF251	0.035831689677843524	13	Discipline.G2A
sbi two	ZNF251motif3	ZNF251	0.24864238325776786	13	Discipline.G2A
sbi two	ZNF367motif0	ZNF367	0.2598973373890446	42	Discipline.G2A
sbi two	ZNF367motif1	ZNF367	0.5160770952561371	42	Discipline.G2A
sbi two	ZNF367motif2	ZNF367	0.3880424746075716	42	Discipline.G2A
sbi two	ZNF367motif3	ZNF367	0.32707971495997895	42	Discipline.G2A
sbi two	ZNF395motif0	ZNF395	0.20726388995619763	13	Discipline.G2A
sbi two	ZNF395motif1	ZNF395	0.2714990138067061	13	Discipline.G2A
sbi two	ZNF395motif2	ZNF395	0.4343015958400574	13	Discipline.G2A
sbi two	ZNF395motif3	ZNF395	0.20077038346269113	13	Discipline.G2A
sbi two	ZNF493motif0	ZNF493	0.4658730158730158	12	Discipline.G2A
sbi two	ZNF493motif1	ZNF493	0.39924242424242423	12	Discipline.G2A
sbi two	ZNF493motif2	ZNF493	0.15635521885521886	12	Discipline.G2A
sbi two	ZNF493motif3	ZNF493	0.1923069985569986	12	Discipline.G2A
sbi two	ZNF518Bmotif0	ZNF518B	0.4801703937552288	23	Discipline.G2A
sbi two	ZNF518Bmotif1	ZNF518B	0.4290913490211043	23	Discipline.G2A
sbi two	ZNF518Bmotif2	ZNF518B	0.31365233725958735	23	Discipline.G2A
sbi two	ZNF518Bmotif3	ZNF518B	0.4121666594523773	23	Discipline.G2A
sbi two	ZNF648motif0	ZNF648	0.5119092508798391	24	Discipline.G2A
sbi two	ZNF648motif1	ZNF648	0.5611031405189014	24	Discipline.G2A
sbi two	ZNF648motif2	ZNF648	0.3979184312064747	24	Discipline.G2A
sbi two	ZNF648motif3	ZNF648	0.4161613657287284	24	Discipline.G2A
sbi two	ZNF721motif0	ZNF721	0.46046154344682555	190	Discipline.A2G
sbi two	ZNF721motif1	ZNF721	0.5195147227077372	190	Discipline.A2G
sbi two	ZNF721motif2	ZNF721	0.4586385788722746	190	Discipline.A2G
sbi two	ZNF721motif3	ZNF721	0.5191177365543878	190	Discipline.A2G
sbi two	ZNF780Bmotif0	ZNF780B	0.5229453277855534	28	Discipline.A2G
sbi two	ZNF780Bmotif1	ZNF780B	0.2763868173532039	28	Discipline.A2G
sbi two	ZNF780Bmotif2	ZNF780B	0.548141358659502	28	Discipline.A2G
sbi two	ZNF780Bmotif3	ZNF780B	0.44468633548590475	28	Discipline.A2G
sbi two	ZNF831motif0	ZNF831	0.6041617674689328	69	Discipline.A2G
sbi two	ZNF831motif1	ZNF831	0.47362712440970256	69	Discipline.A2G
sbi two	ZNF831motif2	ZNF831	0.38089991992727656	69	Discipline.A2G
sbi two	ZNF831motif3	ZNF831	0.372439499795685	69	Discipline.A2G
